{
    "CHECKING_DATA"                         : "Проверка данных ...",
    "PREPARING_PAYMENT"                     : "Подготовка платежа ...",
    "SENDING_PAYMENT"                       : "Отправка платежа ...",
    "LOADING_CONFIGURATION"                 : "Загрузка конфигурации ...",
    "REMOVING_VAULT"                        : "Удаление сохраненной информации ...",
    
    "PAY_NOW"                               : "ОПЛАТИТЬ",
    "CANCEL"                                : "ОТМЕНИТЬ",
    "OK"                                    : "OK",
    "THANK_YOU"                             : "Спасибо!",
    "OOPS"                                  : "Примечание",
    "NOTHING_TO_PAY"                        : "Оплата не требуется",
    "PAYMENT_RECEIVED"                      : "Ваш платеж получен.<br/>Хорошего дня!",
    "NO_NETWORK"                            : "Отсутствует подключение к интернету",
    "TRY_AGAIN_LATER"                       : "Произошла ошибка.<br/>Повторите попытку позже.",
    
    "LABEL_PARKING_DURATION"                : "Продолжительность парковки",
    "LABEL_AMOUNT_DUE"                      : "Стоимость парковки",
    
    "FMT_DAYS"                              : "дней",
    "FMT_HOURS"                             : "ч",
    
    "MEDIUM_NOT_FOUND"                      : "Идентификатор не найден",
    "BARCODE_NOT_FOUND"                     : "Штрих-код не найден",
    "LPN_NOT_FOUND"                         : "Гос. номер не найден",
    "MOBILE_ID_NOT_FOUND"                   : "Мобильный ID не найден",
    "TRANSACTION_DECLINED"                  : "Ошибка оплаты. Повторите оплату позже"
    
}
